INSERT INTO cleaner (cleaner_name, cpf) values ("Claudia Rodrigues Bitencourt","71955688436");
INSERT INTO cleaner (cleaner_name, cpf) values ("Rosangela Batista Souza","96855736522");
INSERT INTO cleaner (cleaner_name, cpf) values ("Leonor Sampaio Correia","99683595866");
INSERT INTO cleaner (cleaner_name, cpf) values ("Francisca Campos Silva","96375698755");
INSERT INTO cleaner (cleaner_name, cpf) values ("Triviana Franco do O","65487532596");
INSERT INTO cleaner (cleaner_name, cpf) values ("Leidi Dai Onorio","59687596357");
INSERT INTO cleaner (cleaner_name, cpf) values ("Evódia Cibele Pinto","65866948733");
INSERT INTO cleaner (cleaner_name, cpf) values ("Dolores Furtado Fontes","54778558721");
INSERT INTO cleaner (cleaner_name, cpf) values ("Carciele Rodrigues Fonseca","46588721058");
INSERT INTO cleaner (cleaner_name, cpf) values ("Sadra Martins Cardoso","58266956784");

INSERT INTO tbclient (client_name, cpf) values ("Elizabeth do Carmo Cancio", "89274696585");
INSERT INTO tbclient (client_name, cpf) values ("Mariana Souza Campos","42136957816");
INSERT INTO tbclient (client_name, cpf) values ("Denunceia Martins Cavalcante","69813570958");
INSERT INTO tbclient (client_name, cpf) values ("Tiberios Costa Pimentel","09687256985");
INSERT INTO tbclient (client_name, cpf) values ("Hermenegildo Soares","98425876915");
INSERT INTO tbclient (client_name, cpf) values ("Justiano Pontes Sodre","68906887145");
INSERT INTO tbclient (client_name, cpf) values ("Bruce Ueine Damasceno","06975136925");
INSERT INTO tbclient (client_name, cpf) values ("Salatiel Ramos de Oliveira ", "78981381972");
INSERT INTO tbclient (client_name, cpf) values ("Enrico Juliano Costa Freitas", "52671948167");
INSERT INTO tbclient (client_name, cpf) values ("Silvandrino de Souza","98736295721");
INSERT INTO tbclient (client_name, cpf) values ("Marluce Murtinho Costa","96813562085");
INSERT INTO tbclient (client_name, cpf) values ("Nitia Dimicele Silva","69894657168");
INSERT INTO tbclient (client_name, cpf) values ("Felisberto Siqueira Dias","96831564277");
INSERT INTO tbclient (client_name, cpf) values ("Umberto Teixeira Cardoso","30521597600");
INSERT INTO tbclient (client_name, cpf) values ("Doisberto José Maria Campos","00296725561");

INSERT INTO residence (responsible, city, district, street, complement, house_number, house_size) values (1,"Castanhal","Estrela","Av. Barão do Rio Branco","Ao lado do Bosque","963","p");
INSERT INTO residence (responsible, city, district, street, complement, house_number, house_size) values (2,"Belém","Marambaia","Pas. Santo Onofre","Altos","856","p");
INSERT INTO residence (responsible, city, district, street, complement, house_number, house_size) values (3,"Óbidos","Centro","Rua Tracaioli","","74","g");
INSERT INTO residence (responsible, city, district, street, complement, house_number, house_size) values (4,"Ananideua","Saudade I","Tv. Gaspar Viana","Apto 54","957","m");
INSERT INTO residence (responsible, city, district, street, complement, house_number, house_size) values (5,"Bragança","Centro"," Tv. Primeiro de Maio","","68","m");
INSERT INTO residence (responsible, city, district, street, complement, house_number, house_size) values (6,"Capanema","Jaderlândia","Tv. Castelo Branco","","654","p");
INSERT INTO residence (responsible, city, district, street, complement, house_number, house_size) values (7,"Maracanã","Barrolândia","Rua Cezarino Doce","","25","g");
INSERT INTO residence (responsible, city, district, street, complement, house_number, house_size) values (8,"Terra Alta","Santa Catarina","Rua Tancredo Neves","Altos","85","g");
INSERT INTO residence (responsible, city, district, street, complement, house_number, house_size) values (9,"Belém","Caiçara","Rua Augusto Freitas","","74","p");
INSERT INTO residence (responsible, city, district, street, complement, house_number, house_size) values (10,"São Francisco","Milagre","Tv. Pimentel Correa","APTO 17","963","m");

INSERT INTO service_schedule (date_service, id_cleaner, id_residence, service_done) values (20220621,1,1,1);
INSERT INTO service_schedule (date_service, id_cleaner, id_residence, service_done) values (20220621,2,1,1);
INSERT INTO service_schedule (date_service, id_cleaner, id_residence, service_done) values (20220623,3,2,0);
INSERT INTO service_schedule (date_service, id_cleaner, id_residence, service_done) values (20220624,3,2,1);
INSERT INTO service_schedule (date_service, id_cleaner, id_residence, service_done) values (20220625,4,3,1);
INSERT INTO service_schedule (date_service, id_cleaner, id_residence, service_done) values (20220702,5,4,0);
INSERT INTO service_schedule (date_service, id_cleaner, id_residence, service_done) values (20220704,6,5,1);
INSERT INTO service_schedule (date_service, id_cleaner, id_residence, service_done) values (20220705,7,6,1);
INSERT INTO service_schedule (date_service, id_cleaner, id_residence, service_done) values (20220707,8,7,1);
INSERT INTO service_schedule (date_service, id_cleaner, id_residence, service_done) values (20220708,9,10,1);
INSERT INTO service_schedule (date_service, id_cleaner, id_residence, service_done) values (20220708,4,9,1);
INSERT INTO service_schedule (date_service, id_cleaner, id_residence, service_done) values (20220710,10,1,1);
INSERT INTO service_schedule (date_service, id_cleaner, id_residence, service_done) values (20220803,7,8,0);
INSERT INTO service_schedule (date_service, id_cleaner, id_residence, service_done) values (20220804,5,9,0);

INSERT INTO availability (order_service, stars, feedback) values (1,4,"");
INSERT INTO availability (order_service, stars, feedback) values (2,5,"Maravilhoso e rápido, em pouco tempo a casa estava limpa e cheirosa");
INSERT INTO availability (order_service, stars, feedback) values (4,4,"Gostei, mas achei que demorou muito para chegar no endereço.");
INSERT INTO availability (order_service, stars, feedback) values (5,5,"Amei! A limpeza foi completa e casa ficou cheirosa!");
INSERT INTO availability (order_service, stars, feedback) values (7,4,"Muito bom! Mas acredito que a casa poderia ter ficado com cheirinho mais gostoso!");
INSERT INTO availability (order_service, stars, feedback) values (8,2,"Insatisfeita! Na descrição falava limpeza completa e faltou limpar o teto!");
INSERT INTO availability (order_service, stars, feedback) values (9,5,"Impressionada com a qualidade da limpeza!");
INSERT INTO availability (order_service, stars, feedback) values (10,2,"Espera encontrar a casa totalmente limpa e não foi o que aconteceu.");
INSERT INTO availability (order_service, stars, feedback) values (11,3,"");
INSERT INTO availability (order_service, stars, feedback) values (12,1,"Horrível, não era como eu esperava.");